,votes_dem,votes_gop,total_votes,per_dem,per_gop,diff,per_point_diff,state_abbr,county_name,combined_fips,,
186,486351,91189,613195,0.793142475,0.148711258,"395,162",64.44%,CA,Alameda County,6001,6,1
187,318,211,575,0.553043478,0.366956522,107,18.61%,CA,Alpine County,6003,6,3
188,5904,10239,17186,0.343535436,0.595775631,"4,335",25.22%,CA,Amador County,6005,6,5
189,38676,42193,87847,0.440265462,0.480300978,"3,517",4.00%,CA,Butte County,6007,6,7
190,7738,13072,22334,0.34646727,0.585295961,"5,334",23.88%,CA,Calaveras County,6009,6,9
191,2659,3551,6594,0.403245375,0.538519867,892,13.53%,CA,Colusa County,6011,6,11
192,286658,105819,415972,0.689128114,0.254389719,"180,839",43.47%,CA,Contra Costa County,6013,6,13
193,3485,5134,9361,0.372289285,0.548445679,"1,649",17.62%,CA,Del Norte County,6015,6,15
194,35243,47633,89228,0.394976913,0.533834671,"12,390",13.89%,CA,El Dorado County,6017,6,17
195,123660,113949,250264,0.494118211,0.455315187,"9,711",3.88%,CA,Fresno County,6019,6,19
196,3065,5788,9379,0.326793901,0.617123361,"2,723",29.03%,CA,Glenn County,6021,6,21
197,19596,10883,33636,0.582590082,0.323552147,"8,713",25.90%,CA,Humboldt County,6023,6,23
198,28467,11295,41751,0.68182798,0.270532442,"17,172",41.13%,CA,Imperial County,6025,6,25
199,3155,4248,7996,0.394572286,0.531265633,"1,093",13.67%,CA,Inyo County,6027,6,27
200,86481,119164,217725,0.397202894,0.547314273,"32,683",15.01%,CA,Kern County,6029,6,29
201,12902,17446,32250,0.400062016,0.54096124,"4,544",14.09%,CA,Kings County,6031,6,31
202,6240,5752,13045,0.478344193,0.440935224,488,3.74%,CA,Lake County,6033,6,33
203,2224,7574,10422,0.213394742,0.726731913,"5,350",51.33%,CA,Lassen County,6035,6,35
204,1893770,620285,2652072,0.714071865,0.233886938,"1,273,485",48.02%,CA,Los Angeles County,6037,6,37
205,13283,19221,34263,0.38767767,0.560984152,"5,938",17.33%,CA,Madera County,6039,6,39
206,86650,17531,109941,0.788150008,0.159458255,"69,119",62.87%,CA,Marin County,6041,6,41
207,3122,5185,8877,0.351695393,0.584093725,"2,063",23.24%,CA,Mariposa County,6043,6,43
208,6905,3571,11435,0.603847836,0.312286839,"3,334",29.16%,CA,Mendocino County,6045,6,45
209,21856,18486,42523,0.513980669,0.434729441,"3,370",7.93%,CA,Merced County,6047,6,47
210,798,2413,3359,0.237570706,0.718368562,"1,615",48.08%,CA,Modoc County,6049,6,49
211,2696,2080,5154,0.523088863,0.403570043,616,11.95%,CA,Mono County,6051,6,51
212,64733,26378,96676,0.669587074,0.272849518,"38,355",39.67%,CA,Monterey County,6053,6,53
213,26161,11946,40393,0.647661724,0.295744312,"14,215",35.19%,CA,Napa County,6055,6,55
214,16199,14686,33258,0.48707078,0.441577966,"1,513",4.55%,CA,Nevada County,6057,6,57
215,556544,472669,1092116,0.509601544,0.432801094,"83,875",7.68%,CA,Orange County,6059,6,59
216,61969,78977,150532,0.411666622,0.524652566,"17,008",11.30%,CA,Placer County,6061,6,61
217,3224,5079,8830,0.365118913,0.575198188,"1,855",21.01%,CA,Plumas County,6063,6,63
218,339145,309514,683612,0.496107441,0.452762678,"29,631",4.33%,CA,Riverside County,6065,6,65
219,273768,163024,467526,0.585567434,0.348695046,"110,744",23.69%,CA,Sacramento County,6067,6,67
220,10050,6471,17572,0.57193262,0.368256317,"3,579",20.37%,CA,San Benito County,6069,6,69
221,312517,253962,598783,0.521920295,0.424130278,"58,555",9.78%,CA,San Bernardino County,6071,6,71
222,567243,386807,1011651,0.560710166,0.382352214,"180,436",17.84%,CA,San Diego County,6073,6,73
223,312443,34493,365295,0.855316936,0.094425054,"277,950",76.09%,CA,San Francisco County,6075,6,75
224,89791,68316,166647,0.53880958,0.409944373,"21,475",12.89%,CA,San Joaquin County,6077,6,77
225,63001,52672,124575,0.505727473,0.422813566,"10,329",8.29%,CA,San Luis Obispo County,6079,6,79
226,219580,53731,287499,0.763759178,0.186891085,"165,849",57.69%,CA,San Mateo County,6081,6,81
227,100120,53740,164224,0.609655105,0.32723597,"46,380",28.24%,CA,Santa Barbara County,6083,6,83
228,483472,137452,659148,0.73348019,0.208529799,"346,020",52.50%,CA,Santa Clara County,6085,6,85
229,85185,20158,113509,0.750469126,0.177589442,"65,027",57.29%,CA,Santa Cruz County,6087,6,87
230,20471,47587,72554,0.282148469,0.655883893,"27,116",37.37%,CA,Shasta County,6089,6,89
231,601,1048,1804,0.333148559,0.580931264,447,24.78%,CA,Sierra County,6091,6,91
232,7106,11212,19836,0.358237548,0.565234926,"4,106",20.70%,CA,Siskiyou County,6093,6,93
233,97159,49595,156067,0.622546727,0.317780184,"47,564",30.48%,CA,Solano County,6095,6,95
234,116027,37421,164060,0.707222967,0.22809338,"78,606",47.91%,CA,Sonoma County,6097,6,97
235,73939,72960,156141,0.473539941,0.467269968,979,0.63%,CA,Stanislaus County,6099,6,99
236,11831,16780,30429,0.38880673,0.551447632,"4,949",16.26%,CA,Sutter County,6101,6,101
237,6571,14981,22875,0.287256831,0.654907104,"8,410",36.77%,CA,Tehama County,6103,6,103
238,1876,2409,4716,0.397794741,0.510814249,533,11.30%,CA,Trinity County,6105,6,105
239,39099,50488,94571,0.413435408,0.533863447,"11,389",12.04%,CA,Tulare County,6107,6,107
240,8580,13486,23472,0.365541922,0.574556919,"4,906",20.90%,CA,Tuolumne County,6109,6,109
241,170489,118764,307881,0.553749663,0.385746441,"51,725",16.80%,CA,Ventura County,6111,6,111
242,34460,13178,50623,0.680718251,0.260316457,"21,282",42.04%,CA,Yolo County,6113,6,113
243,7234,12313,21058,0.343527401,0.584718397,"5,079",24.12%,CA,Yuba County,6115,6,115
244,86471,73807,175125,0.493767309,0.421453248,"12,664",7.23%,CO,Adams County,8001,8,1
245,3168,3031,6897,0.459330144,0.439466435,137,1.99%,CO,Alamosa County,8003,8,3
246,148365,109638,281658,0.526755853,0.389259314,"38,727",13.75%,CO,Arapahoe County,8005,8,5
247,2489,4234,7290,0.341426612,0.58079561,"1,745",23.94%,CO,Archuleta County,8007,8,7
248,278,1716,2107,0.131941149,0.814428097,"1,438",68.25%,CO,Baca County,8009,8,9
249,581,1166,1892,0.307082452,0.61627907,585,30.92%,CO,Bent County,8011,8,11
250,124715,38766,176735,0.705661018,0.219345348,"85,949",48.63%,CO,Boulder County,8013,8,13
251,19530,14272,37342,0.523003588,0.38219699,"5,258",14.08%,CO,Broomfield County,8014,8,14
252,4773,5283,10999,0.433948541,0.480316392,510,4.64%,CO,Chaffee County,8015,8,15
253,127,905,1076,0.11802974,0.841078067,778,72.30%,CO,Cheyenne County,8017,8,17
254,2585,2426,5532,0.467281273,0.438539407,159,2.87%,CO,Clear Creek County,8019,8,19
255,1753,1885,3970,0.441561713,0.474811083,132,3.32%,CO,Conejos County,8021,8,21
256,1109,581,1820,0.609340659,0.319230769,528,29.01%,CO,Costilla County,8023,8,23
257,336,1069,1511,0.222369292,0.707478491,733,48.51%,CO,Crowley County,8025,8,25
258,797,2059,3064,0.260117493,0.671997389,"1,262",41.19%,CO,Custer County,8027,8,27
259,4048,11584,16661,0.242962607,0.695276394,"7,536",45.23%,CO,Delta County,8029,8,29
260,174611,43637,232291,0.751690767,0.187854889,"130,974",56.38%,CO,Denver County,8031,8,31
261,227,936,1230,0.184552846,0.76097561,709,57.64%,CO,Dolores County,8033,8,33
262,67045,100178,182918,0.366530358,0.547666167,"33,133",18.11%,CO,Douglas County,8035,8,35
263,12652,8153,22611,0.559550661,0.36057671,"4,499",19.90%,CO,Eagle County,8037,8,37
264,3056,11536,15689,0.194786156,0.735292243,"8,480",54.05%,CO,Elbert County,8039,8,39
265,105807,176506,313273,0.337746949,0.563425511,"70,699",22.57%,CO,El Paso County,8041,8,41
266,5275,15066,21880,0.241087751,0.68857404,"9,791",44.75%,CO,Fremont County,8043,8,43
267,11205,13071,26328,0.425592525,0.496467639,"1,866",7.09%,CO,Garfield County,8045,8,45
268,1634,1564,3574,0.457190823,0.437604924,70,1.96%,CO,Gilpin County,8047,8,47
269,3319,4467,8513,0.38987431,0.524726888,"1,148",13.49%,CO,Grand County,8049,8,49
270,5068,3250,9299,0.545004839,0.349499946,"1,818",19.55%,CO,Gunnison County,8051,8,51
271,197,339,589,0.334465195,0.575551783,142,24.11%,CO,Hinsdale County,8053,8,53
272,1631,1875,3772,0.432396607,0.497083775,244,6.47%,CO,Huerfano County,8055,8,55
273,171,628,862,0.19837587,0.728538283,457,53.02%,CO,Jackson County,8057,8,57
274,151885,130233,309529,0.490697156,0.420745714,"21,652",7.00%,CO,Jefferson County,8059,8,59
275,91,726,853,0.106682298,0.851113716,635,74.44%,CO,Kiowa County,8061,8,61
276,526,2894,3613,0.145585386,0.800996402,"2,368",65.54%,CO,Kit Carson County,8063,8,63
277,1600,1264,3175,0.503937008,0.398110236,336,10.58%,CO,Lake County,8065,8,65
278,15300,12471,30722,0.498014452,0.405930603,"2,829",9.21%,CO,La Plata County,8067,8,67
279,92170,82624,193897,0.475355472,0.426123148,"9,546",4.92%,CO,Larimer County,8069,8,69
280,2614,3656,6693,0.390557299,0.546242343,"1,042",15.57%,CO,Las Animas County,8071,8,
281,399,1873,2402,0.166111574,0.779766861,"1,474",61.37%,CO,Lincoln County,8073,8,
282,1843,7272,9702,0.189960833,0.749536178,"5,429",55.96%,CO,Logan County,8075,8,
283,20958,48129,74876,0.279902773,0.642782734,"27,171",36.29%,CO,Mesa County,8077,8,
284,237,344,652,0.363496933,0.527607362,107,16.41%,CO,Mineral County,8079,8,
285,874,5293,6510,0.134254992,0.813056836,"4,419",67.88%,CO,Moffat County,8081,8,
286,3920,7771,12706,0.308515662,0.611600819,"3,851",30.31%,CO,Montezuma County,8083,8,
287,5438,14303,21070,0.258092074,0.678832463,"8,865",42.07%,CO,Montrose County,8085,8,
288,3128,8104,11888,0.263122476,0.681695828,"4,976",41.86%,CO,Morgan County,8087,8,
289,1719,2988,5038,0.341206828,0.593092497,"1,269",25.19%,CO,Otero County,8089,8,
290,1690,1337,3287,0.514146638,0.406753879,353,10.74%,CO,Ouray County,8091,8,
291,3351,6053,10245,0.327086384,0.590824793,"2,702",26.37%,CO,Park County,8093,8,
292,436,1791,2332,0.186963979,0.768010292,"1,355",58.10%,CO,Phillips County,8095,8,
293,7239,2522,10387,0.696928853,0.242803504,"4,717",45.41%,CO,Pitkin County,8097,8,
294,1173,3508,4978,0.235636802,0.704700683,"2,335",46.91%,CO,Prowers County,8099,8,
295,27945,27746,60112,0.46488222,0.461571733,199,0.33%,CO,Pueblo County,8101,8,
296,433,2782,3436,0.126018626,0.809662398,"2,349",68.36%,CO,Rio Blanco County,8103,8,
297,1985,3060,5488,0.361698251,0.557580175,"1,075",19.59%,CO,Rio Grande County,8105,8,
298,7487,5149,13772,0.543639268,0.373874528,"2,338",16.98%,CO,Routt County,8107,8,
299,1345,1109,2707,0.496859993,0.409678611,236,8.72%,CO,Saguache County,8109,8,
300,265,215,506,0.523715415,0.424901186,50,9.88%,CO,San Juan County,8111,8,
301,2960,1030,4311,0.686615634,0.238923684,"1,930",44.77%,CO,San Miguel County,8113,8,
302,267,1015,1364,0.195747801,0.744134897,748,54.84%,CO,Sedgwick County,8115,8,
303,9502,5064,16061,0.591619451,0.315297927,"4,438",27.63%,CO,Summit County,8117,8,
304,3547,9580,14203,0.249735971,0.674505386,"6,033",42.48%,CO,Teller County,8119,8,
305,289,2284,2708,0.106720827,0.843426883,"1,995",73.67%,CO,Washington County,8121,8,
306,45869,75882,133790,0.342843262,0.567172434,"30,013",22.43%,CO,Weld County,8123,8,
307,701,3755,4664,0.150300172,0.805102916,"3,054",65.48%,CO,Yuma County,8125,8,
550,1127,2456,3759,0.29981378,0.653365257,"1,329",35.36%,IA,Adair County,19001,,
551,565,1393,2082,0.271373679,0.669068204,828,39.77%,IA,Adams County,19003,,
552,2409,4072,6837,0.352347521,0.595582858,"1,663",24.32%,IA,Allamakee County,19005,,
553,1813,4031,6096,0.297408136,0.661253281,"2,218",36.38%,IA,Appanoose County,19007,,
554,1079,2135,3379,0.319325244,0.631843741,"1,056",31.25%,IA,Audubon County,19009,,
555,4672,8226,13690,0.341271001,0.600876552,"3,554",25.96%,IA,Benton County,19011,,
556,32006,27382,63221,0.506255833,0.433115579,"4,624",7.31%,IA,Black Hawk County,19013,,
557,5517,7458,13984,0.394522311,0.533323799,"1,941",13.88%,IA,Boone County,19015,,
558,5349,7199,13350,0.400674157,0.539250936,"1,850",13.86%,IA,Bremer County,19017,,
559,3966,5504,10137,0.391240012,0.542961428,"1,538",15.17%,IA,Buchanan County,19019,,
560,2851,4895,8179,0.34857562,0.598483922,"2,044",24.99%,IA,Buena Vista County,19021,,
561,2163,4918,7457,0.290063028,0.65951455,"2,755",36.95%,IA,Butler County,19023,,
562,1396,3466,5105,0.273457395,0.678942214,"2,070",40.55%,IA,Calhoun County,19025,,
563,3305,6627,10435,0.316722568,0.635074269,"3,322",31.84%,IA,Carroll County,19027,,
564,1946,4755,7055,0.275832743,0.673990078,"2,809",39.82%,IA,Cass County,19029,,
565,3578,5275,9386,0.381206052,0.562007245,"1,697",18.08%,IA,Cedar County,19031,,
566,9840,11583,22633,0.434763399,0.511774842,"1,743",7.70%,IA,Cerro Gordo County,19033,,
567,1676,4188,6186,0.270934368,0.677012609,"2,512",40.61%,IA,Cherokee County,19035,,
568,2264,3739,6367,0.355583477,0.587246741,"1,475",23.17%,IA,Chickasaw County,19037,,
569,1463,2706,4405,0.332122588,0.61430193,"1,243",28.22%,IA,Clarke County,19039,,
570,2246,5870,8542,0.262936081,0.687192695,"3,624",42.43%,IA,Clay County,19041,,
571,3236,5309,9098,0.355682568,0.583534843,"2,073",22.79%,IA,Clayton County,19043,,
572,10079,11249,22748,0.443071918,0.494505011,"1,170",5.14%,IA,Clinton County,19045,,
573,1985,4608,6862,0.289274264,0.671524337,"2,623",38.23%,IA,Crawford County,19047,,
574,15662,19288,37617,0.416354308,0.512746896,"3,626",9.64%,IA,Dallas County,19049,,
575,976,2721,3858,0.252980819,0.705287714,"1,745",45.23%,IA,Davis County,19051,,
576,1201,2296,3703,0.324331623,0.620037807,"1,095",29.57%,IA,Decatur County,19053,,
577,2956,5688,9165,0.322531369,0.620621931,"2,732",29.81%,IA,Delaware County,19055,,
578,8178,9479,18713,0.437022391,0.506546251,"1,301",6.95%,IA,Des Moines County,19057,,
579,3051,6743,10247,0.297745682,0.658046257,"3,692",36.03%,IA,Dickinson County,19059,,
580,22774,23384,49037,0.464424822,0.476864409,610,1.24%,IA,Dubuque County,19061,,
581,1356,3121,4707,0.288081581,0.663055024,"1,765",37.50%,IA,Emmet County,19063,,
582,3666,5591,9813,0.373586059,0.569754407,"1,925",19.62%,IA,Fayette County,19065,,
583,3177,4371,7985,0.397871008,0.547401378,"1,194",14.95%,IA,Floyd County,19067,,
584,1490,3153,4915,0.303153611,0.641505595,"1,663",33.84%,IA,Franklin County,19069,,
585,959,2401,3554,0.269836804,0.675576815,"1,442",40.57%,IA,Fremont County,19071,,
586,1688,2819,4762,0.354472911,0.59197816,"1,131",23.75%,IA,Greene County,19073,,
587,1847,4516,6766,0.27298256,0.667454922,"2,669",39.45%,IA,Grundy County,19075,,
588,1720,3603,5654,0.304209409,0.637247966,"1,883",33.30%,IA,Guthrie County,19077,,
589,2715,4450,7589,0.357754645,0.586375016,"1,735",22.86%,IA,Hamilton County,19079,,
590,1582,3972,5815,0.27205503,0.683061049,"2,390",41.10%,IA,Hancock County,19081,,
591,2774,5231,8423,0.329336341,0.621037635,"2,457",29.17%,IA,Hardin County,19083,,
592,2123,4892,7378,0.287747357,0.663052318,"2,769",37.53%,IA,Harrison County,19085,,
593,2897,5764,9286,0.311975016,0.620719362,"2,867",30.87%,IA,Henry County,19087,,
594,1674,2611,4507,0.371422232,0.579321056,937,20.79%,IA,Howard County,19089,,
595,1251,3564,5033,0.248559507,0.708126366,"2,313",45.96%,IA,Humboldt County,19091,,
596,792,2655,3590,0.220612813,0.739554318,"1,863",51.89%,IA,Ida County,19093,,
597,3070,5193,8789,0.349300262,0.590852202,"2,123",24.16%,IA,Iowa County,19095,,
598,3837,5821,10204,0.376029008,0.570462564,"1,984",19.44%,IA,Jackson County,19097,,
599,7108,10556,18776,0.378568385,0.562207073,"3,448",18.36%,IA,Jasper County,19099,,
600,3702,3738,8001,0.462692163,0.467191601,36,0.45%,IA,Jefferson County,19101,,
601,49942,20993,75637,0.66028531,0.277549348,"28,949",38.27%,IA,Johnson County,19103,,
602,3779,5718,10011,0.377484767,0.571171711,"1,939",19.37%,IA,Jones County,19105,,
603,1265,3385,4858,0.260395224,0.696788802,"2,120",43.64%,IA,Keokuk County,19107,,
604,2529,5637,8505,0.297354497,0.662786596,"3,108",36.54%,IA,Kossuth County,19109,,
605,6195,8762,15893,0.389794249,0.551311898,"2,567",16.15%,IA,Lee County,19111,,
606,58481,48183,114664,0.510020582,0.420210354,"10,298",8.98%,IA,Linn County,19113,,
607,1643,3060,4943,0.332389237,0.619057253,"1,417",28.67%,IA,Louisa County,19115,,
608,1236,2873,4297,0.287642541,0.668606004,"1,637",38.10%,IA,Lucas County,19117,,
609,917,5188,6336,0.144728535,0.818813131,"4,271",67.41%,IA,Lyon County,19119,,
610,2666,5336,8523,0.312800657,0.626070632,"2,670",31.33%,IA,Madison County,19121,,
611,2606,7404,10494,0.24833238,0.705546026,"4,798",45.72%,IA,Mahaska County,19123,,
612,5469,10940,17554,0.311552922,0.623219779,"5,471",31.17%,IA,Marion County,19125,,
613,7623,9125,17700,0.430677966,0.515536723,"1,502",8.49%,IA,Marshall County,19127,,
614,2080,5050,7608,0.273396425,0.663774974,"2,970",39.04%,IA,Mills County,19129,,
615,1879,3180,5360,0.350559701,0.593283582,"1,301",24.27%,IA,Mitchell County,19131,,
616,1244,3115,4525,0.274917127,0.68839779,"1,871",41.35%,IA,Monona County,19133,,
617,1053,2635,3844,0.273933403,0.685483871,"1,582",41.16%,IA,Monroe County,19135,,
618,1312,3431,4998,0.262505002,0.68647459,"2,119",42.40%,IA,Montgomery County,19137,,
619,8284,9549,19086,0.434035419,0.500314367,"1,265",6.63%,IA,Muscatine County,19139,,
620,1314,5735,7348,0.17882417,0.780484486,"4,421",60.17%,IA,O'Brien County,19141,,
621,552,2528,3197,0.172661871,0.79074132,"1,976",61.81%,IA,Osceola County,19143,,
622,1801,4875,6968,0.258467279,0.699626866,"3,074",44.12%,IA,Page County,19145,,
623,1395,3079,4674,0.298459564,0.658750535,"1,684",36.03%,IA,Palo Alto County,19147,,
624,2878,9659,13057,0.220418167,0.739756452,"6,781",51.93%,IA,Plymouth County,19149,,
625,962,2692,3831,0.251109371,0.702688593,"1,730",45.16%,IA,Pocahontas County,19151,,
626,119671,93421,228420,0.523907714,0.408987829,"26,250",11.49%,IA,Polk County,19153,,
627,15341,24441,42226,0.363306967,0.578814001,"9,100",21.55%,IA,Pottawattamie County,19155,,
628,4272,4936,9693,0.440730424,0.509233467,664,6.85%,IA,Poweshiek County,19157,,
629,753,1820,2684,0.280551416,0.678092399,"1,067",39.75%,IA,Ringgold County,19159,,
630,1269,3692,5158,0.246025591,0.715781311,"2,423",46.98%,IA,Sac County,19161,,
631,40302,39083,84878,0.474822687,0.460460897,"1,219",1.44%,IA,Scott County,19163,,
632,1649,4340,6270,0.262998405,0.692185008,"2,691",42.92%,IA,Shelby County,19165,,
633,2289,14761,17989,0.127244427,0.820557007,"12,472",69.33%,IA,Sioux County,19167,,
634,25085,19111,48910,0.512880801,0.39073809,"5,974",12.21%,IA,Story County,19169,,
635,3194,4968,8636,0.369847151,0.575266327,"1,774",20.54%,IA,Tama County,19171,,
636,755,2108,3003,0.251415251,0.701964702,"1,353",45.05%,IA,Taylor County,19173,,
637,1920,3521,5768,0.332871012,0.610436893,"1,601",27.76%,IA,Union County,19175,,
638,843,2524,3526,0.239081112,0.715825298,"1,681",47.67%,IA,Van Buren County,19177,,
639,5591,8710,14996,0.372832755,0.580821552,"3,119",20.80%,IA,Wapello County,19179,,
640,10371,14773,26916,0.385309853,0.548855699,"4,402",16.35%,IA,Warren County,19181,,
641,3938,6170,10824,0.363821138,0.570029564,"2,232",20.62%,IA,Washington County,19183,,
642,719,2069,2921,0.246148579,0.708319069,"1,350",46.22%,IA,Wayne County,19185,,
643,6293,10049,17239,0.365044376,0.582922443,"3,756",21.79%,IA,Webster County,19187,,
644,1920,3437,5717,0.335840476,0.601189435,"1,517",26.53%,IA,Winnebago County,19189,,
645,5238,5332,11217,0.466969778,0.475349915,94,0.84%,IA,Winneshiek County,19191,,
646,16102,24627,42933,0.375049496,0.573614702,"8,525",19.86%,IA,Woodbury County,19193,,
647,1523,2443,4216,0.361242884,0.579459203,920,21.82%,IA,Worth County,19195,,
648,1890,3790,5949,0.317700454,0.637081862,"1,900",31.94%,IA,Wright County,19197,,
1230,1732,4201,6179,0.280304256,0.679883476,"2,469",39.96%,MI,Alcona County,26001,,
1231,1663,2585,4513,0.368491026,0.572789719,922,20.43%,MI,Alger County,26003,,
1232,17932,33812,55153,0.325131906,0.61305822,"15,880",28.79%,MI,Allegan County,26005,,
1233,4877,9090,14688,0.33203976,0.618872549,"4,213",28.68%,MI,Alpena County,26007,,
1234,4448,8469,13572,0.327733569,0.624005305,"4,021",29.63%,MI,Antrim County,26009,,
1235,2238,4704,7457,0.300120692,0.630816682,"2,466",33.07%,MI,Arenac County,26011,,
1236,1156,2158,3486,0.331612163,0.619047619,"1,002",28.74%,MI,Baraga County,26013,,
1237,9109,19197,30265,0.300974723,0.634297043,"10,088",33.33%,MI,Barry County,26015,,
1238,21641,28327,52932,0.408845311,0.535158316,"6,686",12.63%,MI,Bay County,26017,,
1239,4108,5539,10221,0.401917621,0.541923491,"1,431",14.00%,MI,Benzie County,26019,,
1240,29496,38646,71882,0.410339167,0.537631118,"9,150",12.73%,MI,Berrien County,26021,,
1241,4740,11025,16490,0.287446938,0.668587022,"6,285",38.11%,MI,Branch County,26023,,
1242,24154,31489,58786,0.410880142,0.535654748,"7,335",12.48%,MI,Calhoun County,26025,,
1243,7270,14241,23272,0.312392575,0.611937092,"6,971",29.95%,MI,Cass County,26027,,
1244,5137,8674,14567,0.352646393,0.595455482,"3,537",24.28%,MI,Charlevoix County,26029,,
1245,4302,8680,13647,0.315234117,0.636037224,"4,378",32.08%,MI,Cheboygan County,26031,,
1246,5378,9120,15434,0.348451471,0.590903201,"3,742",24.25%,MI,Chippewa County,26033,,
1247,4250,8507,13385,0.317519612,0.635562196,"4,257",31.80%,MI,Clare County,26035,,
1248,16490,21635,40564,0.406518095,0.533354699,"5,145",12.68%,MI,Clinton County,26037,,
1249,2110,4354,6833,0.308795551,0.637201815,"2,244",32.84%,MI,Crawford County,26039,,
1250,6431,11112,18467,0.348242812,0.601721991,"4,681",25.35%,MI,Delta County,26041,,
1251,3923,8580,13140,0.298554033,0.652968037,"4,657",35.44%,MI,Dickinson County,26043,,
1252,24534,27608,55686,0.440577524,0.495779909,"3,074",5.52%,MI,Eaton County,26045,,
1253,6972,10616,18774,0.371364653,0.565462874,"3,644",19.41%,MI,Emmet County,26047,,
1254,102744,84174,196135,0.523843271,0.429163586,"18,570",9.47%,MI,Genesee County,26049,,
1255,3794,8124,12472,0.304201411,0.651379089,"4,330",34.72%,MI,Gladwin County,26051,,
1256,2925,4019,7313,0.399972651,0.54956926,"1,094",14.96%,MI,Gogebic County,26053,,
1257,20964,27412,51460,0.407384376,0.532685581,"6,448",12.53%,MI,Grand Traverse County,26055,,
1258,5665,9878,16442,0.344544459,0.600778494,"4,213",25.62%,MI,Gratiot County,26057,,
1259,4799,14094,19880,0.24139839,0.708953722,"9,295",46.76%,MI,Hillsdale County,26059,,
1260,6018,8475,15623,0.385201306,0.542469436,"2,457",15.73%,MI,Houghton County,26061,,
1261,4579,10629,15848,0.288932357,0.670683998,"6,050",38.18%,MI,Huron County,26063,,
1262,81266,44354,133478,0.608834415,0.332294461,"36,912",27.65%,MI,Ingham County,26065,,
1263,8206,16374,26364,0.311257776,0.621074192,"8,168",30.98%,MI,Ionia County,26067,,
1264,4344,8344,13349,0.325417634,0.625065548,"4,000",29.96%,MI,Iosco County,26069,,
1265,2004,3675,5910,0.339086294,0.621827411,"1,671",28.27%,MI,Iron County,26071,,
1266,11404,12338,25344,0.449968434,0.486821338,934,3.69%,MI,Isabella County,26073,,
1267,25795,39793,69567,0.370793623,0.572009717,"13,998",20.12%,MI,Jackson County,26075,,
1268,67142,51031,125966,0.533016846,0.405117254,"16,111",12.79%,MI,Kalamazoo County,26077,,
1269,2279,6213,8920,0.255493274,0.696524664,"3,934",44.10%,MI,Kalkaska County,26079,,
1270,138567,147959,306270,0.452434127,0.483099879,"9,392",3.07%,MI,Kent County,26081,,
1271,527,814,1429,0.368789363,0.569629111,287,20.08%,MI,Keweenaw County,26083,,
1272,1939,3159,5328,0.363926426,0.592905405,"1,220",22.90%,MI,Lake County,26085,,
1273,12734,30037,45126,0.282187652,0.665625139,"17,303",38.34%,MI,Lapeer County,26087,,
1274,6774,7239,14757,0.45903639,0.490546859,465,3.15%,MI,Leelanau County,26089,,
1275,16750,26428,45895,0.364963504,0.575836148,"9,678",21.09%,MI,Lenawee County,26091,,
1276,34378,65665,105577,0.325620163,0.621963117,"31,287",29.63%,MI,Livingston County,26093,,
1277,681,1756,2576,0.264363354,0.681677019,"1,075",41.73%,MI,Luce County,26095,,
1278,2085,3740,6088,0.342477004,0.614323259,"1,655",27.18%,MI,Mackinac County,26097,,
1279,176238,224589,418773,0.420843751,0.536302484,"48,351",11.55%,MI,Macomb County,26099,,
1280,4979,6915,12598,0.395221464,0.54889665,"1,936",15.37%,MI,Manistee County,26101,,
1281,16042,14646,32897,0.48764325,0.44520777,"1,396",4.24%,MI,Marquette County,26103,,
1282,5281,8505,14658,0.360281075,0.580229226,"3,224",21.99%,MI,Mason County,26105,,
1283,5827,10305,17149,0.339786576,0.600909674,"4,478",26.11%,MI,Mecosta County,26107,,
1284,3539,6704,10765,0.328750581,0.622758941,"3,165",29.40%,MI,Menominee County,26109,,
1285,15655,23877,42379,0.369404658,0.563415843,"8,222",19.40%,MI,Midland County,26111,,
1286,1565,5386,7301,0.214354198,0.737707163,"3,821",52.34%,MI,Missaukee County,26113,,
1287,26859,43255,74101,0.362464744,0.583730314,"16,396",22.13%,MI,Monroe County,26115,,
1288,7874,16907,26556,0.296505498,0.636654617,"9,033",34.01%,MI,Montcalm County,26117,,
1289,1286,3498,5008,0.256789137,0.698482428,"2,212",44.17%,MI,Montmorency County,26119,,
1290,36640,35962,77114,0.475140701,0.466348523,678,0.88%,MI,Muskegon County,26121,,
1291,6212,15174,22605,0.274806459,0.671267419,"8,962",39.65%,MI,Newaygo County,26123,,
1292,342976,289127,663255,0.517110312,0.435921327,"53,849",8.12%,MI,Oakland County,26125,,
1293,3973,7228,11903,0.3337814,0.607241872,"3,255",27.35%,MI,Oceana County,26127,,
1294,3030,6827,10386,0.291738879,0.657327171,"3,797",36.56%,MI,Ogemaw County,26129,,
1295,1175,2069,3420,0.343567251,0.60497076,894,26.14%,MI,Ontonagon County,26131,,
1296,2705,7336,10597,0.255260923,0.692271398,"4,631",43.70%,MI,Osceola County,26133,,
1297,1044,2843,4062,0.257016248,0.699901526,"1,799",44.29%,MI,Oscoda County,26135,,
1298,3556,8266,12529,0.283821534,0.659749381,"4,710",37.59%,MI,Otsego County,26137,,
1299,46276,90456,145405,0.318255906,0.622096902,"44,180",30.38%,MI,Ottawa County,26139,,
1300,2400,4486,7215,0.332640333,0.621760222,"2,086",28.91%,MI,Presque Isle County,26141,,
1301,4287,8141,13036,0.328858546,0.624501381,"3,854",29.56%,MI,Roscommon County,26143,,
1302,44395,45469,94198,0.471294507,0.482696023,"1,074",1.14%,MI,Saginaw County,26145,,
1303,4873,13446,19243,0.253234943,0.698747597,"8,573",44.55%,MI,Sanilac County,26151,,
1304,1369,2556,4151,0.329800048,0.61575524,"1,187",28.60%,MI,Schoolcraft County,26153,,
1305,12547,19232,34044,0.368552462,0.564915991,"6,685",19.64%,MI,Shiawassee County,26155,,
1306,24553,49067,77994,0.314806267,0.629112496,"24,514",31.43%,MI,St. Clair County,26147,,
1307,7529,14886,23765,0.316810436,0.626383337,"7,357",30.96%,MI,St. Joseph County,26149,,
1308,7493,17421,26157,0.286462515,0.666016745,"9,928",37.96%,MI,Tuscola County,26157,,
1309,13258,17890,33213,0.399181044,0.538644507,"4,632",13.95%,MI,Van Buren County,26159,,
1310,128025,50335,187201,0.683890578,0.268882111,"77,690",41.50%,MI,Washtenaw County,26161,,
1311,517842,228908,775450,0.667795474,0.295193758,"288,934",37.26%,MI,Wayne County,26163,,
1312,4436,10000,15279,0.290333137,0.654493095,"5,564",36.42%,MI,Wexford County,26165,,
1980,74775,44227,125644,0.59513387,0.352002483,"30,548",24.31%,NY,Albany County,36001,,
1981,4473,11712,17111,0.261410788,0.684471977,"7,239",42.31%,NY,Allegany County,36003,,
1982,318403,34424,358857,0.88726986,0.09592679,"283,979",79.13%,NY,Bronx County,36005,,
1983,35212,38077,77657,0.453429826,0.49032283,"2,865",3.69%,NY,Broome County,36007,,
1984,8717,18668,28961,0.300990988,0.644591002,"9,951",34.36%,NY,Cattaraugus County,36009,,
1985,12202,16194,30124,0.405059089,0.537578011,"3,992",13.25%,NY,Cayuga County,36011,,
1986,17281,29418,49381,0.349952411,0.595735202,"12,137",24.58%,NY,Chautauqua County,36013,,
1987,12394,19025,33195,0.373369483,0.573128483,"6,631",19.98%,NY,Chemung County,36015,,
1988,5943,11024,18113,0.328106885,0.60862364,"5,081",28.05%,NY,Chenango County,36017,,
1989,13446,13181,28378,0.473817746,0.464479526,265,0.93%,NY,Clinton County,36019,,
1990,13123,12756,27255,0.481489635,0.468024216,367,1.35%,NY,Columbia County,36021,,
1991,7976,9207,18424,0.432913591,0.499728615,"1,231",6.68%,NY,Cortland County,36023,,
1992,5825,11012,17778,0.327652154,0.619417257,"5,187",29.18%,NY,Delaware County,36025,,
1993,56874,58163,120199,0.473165334,0.483889217,"1,289",1.07%,NY,Dutchess County,36027,,
1994,192065,173817,383248,0.501150691,0.453536613,"18,248",4.76%,NY,Erie County,36029,,
1995,6760,7275,15079,0.448305591,0.482459049,515,3.42%,NY,Essex County,36031,,
1996,6517,7636,15148,0.430221811,0.50409295,"1,119",7.39%,NY,Franklin County,36033,,
1997,5805,12759,19563,0.29673363,0.652200583,"6,954",35.55%,NY,Fulton County,36035,,
1998,6946,15986,24463,0.28393901,0.653476679,"9,040",36.95%,NY,Genesee County,36037,,
1999,6370,11546,18869,0.337590757,0.611903122,"5,176",27.43%,NY,Greene County,36039,,
2000,752,1795,2688,0.279761905,0.667782738,"1,043",38.80%,NY,Hamilton County,36041,,
2001,7289,15664,24261,0.300441037,0.645645274,"8,375",34.52%,NY,Herkimer County,36043,,
2002,12289,19947,34263,0.358666783,0.58217319,"7,658",22.35%,NY,Jefferson County,36045,,
2003,595086,133653,746295,0.797387092,0.179088698,"461,433",61.83%,NY,Kings County,36047,,
2004,2828,6916,10312,0.2742436,0.670674942,"4,088",39.64%,NY,Lewis County,36049,,
2005,10478,19211,31363,0.334087938,0.612537066,"8,733",27.84%,NY,Livingston County,36051,,
2006,10548,14901,27392,0.385075935,0.543990946,"4,353",15.89%,NY,Madison County,36053,,
2007,174063,128871,320164,0.543668245,0.402515586,"45,192",14.12%,NY,Monroe County,36055,,
2008,5961,10579,17438,0.341839661,0.606663608,"4,618",26.48%,NY,Montgomery County,36057,,
2009,307326,275479,599649,0.512509818,0.459400416,"31,847",5.31%,NY,Nassau County,36059,,
2010,515481,58935,591368,0.871675505,0.099658757,"456,546",77.20%,NY,New York County,36061,,
2011,32888,49223,86000,0.382418605,0.572360465,"16,335",18.99%,NY,Niagara County,36063,,
2012,30749,48490,83876,0.366600696,0.578115313,"17,741",21.15%,NY,Oneida County,36065,,
2013,102915,78277,191962,0.536121732,0.407773413,"24,638",12.83%,NY,Onondaga County,36067,,
2014,20233,24343,47664,0.424492279,0.510720879,"4,110",8.62%,NY,Ontario County,36069,,
2015,63037,72129,140753,0.447855463,0.512450889,"9,092",6.46%,NY,Orange County,36071,,
2016,4327,11582,16722,0.258760914,0.6926205,"7,255",43.39%,NY,Orleans County,36073,,
2017,15614,25870,44122,0.353882417,0.586328816,"10,256",23.24%,NY,Oswego County,36075,,
2018,9285,12284,23024,0.403274844,0.533530229,"2,999",13.03%,NY,Otsego County,36077,,
2019,17363,25241,44186,0.392952519,0.571244286,"7,878",17.83%,NY,Putnam County,36079,,
2020,473389,138550,627021,0.754981093,0.220965486,"334,839",53.40%,NY,Queens County,36081,,
2021,30039,31933,65991,0.455198436,0.48389932,"1,894",2.87%,NY,Rensselaer County,36083,,
2022,67561,95612,167209,0.404051217,0.571811326,"28,051",16.78%,NY,Richmond County,36085,,
2023,63454,57148,123943,0.511961143,0.461082917,"6,306",5.09%,NY,Rockland County,36087,,
2024,46546,51088,104089,0.447175014,0.490810748,"4,542",4.36%,NY,Saratoga County,36091,,
2025,30870,27268,61629,0.50090055,0.442454039,"3,602",5.84%,NY,Schenectady County,36093,,
2026,3777,8173,12673,0.298035193,0.644914385,"4,396",34.69%,NY,Schoharie County,36095,,
2027,2761,5179,8423,0.327792948,0.614864063,"2,418",28.71%,NY,Schuyler County,36097,,
2028,5175,6719,12727,0.406615856,0.527932741,"1,544",12.13%,NY,Seneca County,36099,,
2029,14659,18450,35154,0.416993799,0.524833589,"3,791",10.78%,NY,St. Lawrence County,36089,,
2030,11215,25091,38373,0.292262789,0.653871212,"13,876",36.16%,NY,Steuben County,36101,,
2031,276953,328403,625720,0.442614908,0.524840184,"51,450",8.22%,NY,Suffolk County,36103,,
2032,10983,14626,26509,0.41431212,0.551737146,"3,643",13.74%,NY,Sullivan County,36105,,
2033,6852,12528,20556,0.333333333,0.609457093,"5,676",27.61%,NY,Tioga County,36107,,
2034,25555,9647,37747,0.677007444,0.255569979,"15,908",42.14%,NY,Tompkins County,36109,,
2035,40010,32962,77134,0.518707703,0.427334249,"7,048",9.14%,NY,Ulster County,36111,,
2036,11366,14284,27568,0.412289611,0.51813697,"2,918",10.58%,NY,Warren County,36113,,
2037,8238,12770,22401,0.36775144,0.570063836,"4,532",20.23%,NY,Washington County,36115,,
2038,12378,21935,36598,0.338215203,0.599349691,"9,557",26.11%,NY,Wayne County,36117,,
2039,245670,121643,378506,0.649051798,0.321376676,"124,027",32.77%,NY,Westchester County,36119,,
2040,3585,11884,16280,0.220208845,0.72997543,"8,299",50.98%,NY,Wyoming County,36121,,
2041,3219,5180,8975,0.358662953,0.577158774,"1,961",21.85%,NY,Yates County,36123,,
2207,1781,6160,8479,0.210048355,0.726500767,"4,379",51.65%,OR,Baker County,41001,,
2208,28431,13030,45577,0.623801479,0.285889813,"15,401",33.79%,OR,Benton County,41003,,
2209,90187,79062,182136,0.495162955,0.434082224,"11,125",6.11%,OR,Clackamas County,41005,,
2210,8899,7794,18158,0.490087014,0.429232294,"1,105",6.09%,OR,Clatsop County,41007,,
2211,9959,12967,25077,0.397136819,0.517087371,"3,008",12.00%,OR,Columbia County,41009,,
2212,10355,17699,30181,0.34309665,0.586428548,"7,344",24.33%,OR,Coos County,41011,,
2213,2591,8388,11638,0.222632755,0.720742396,"5,797",49.81%,OR,Crook County,41013,,
2214,4253,7157,12163,0.349667023,0.588423909,"2,904",23.88%,OR,Curry County,41015,,
2215,40222,43667,90584,0.444029851,0.48206085,"3,445",3.80%,OR,Deschutes County,41017,,
2216,13891,34112,51350,0.270516066,0.664303797,"20,221",39.38%,OR,Douglas County,41019,,
2217,221,632,937,0.235859125,0.674493063,411,43.86%,OR,Gilliam County,41021,,
2218,732,3187,4171,0.175497483,0.764085351,"2,455",58.86%,OR,Grant County,41023,,
2219,682,2904,3850,0.177142857,0.754285714,"2,222",57.71%,OR,Harney County,41025,,
2220,6359,3223,10383,0.612443417,0.310411249,"3,136",30.20%,OR,Hood River County,41027,,
2221,43550,53083,103789,0.419601306,0.511451117,"9,533",9.18%,OR,Jackson County,41029,,
2222,2892,5337,8874,0.325895876,0.601419878,"2,445",27.55%,OR,Jefferson County,41031,,
2223,13223,26582,42613,0.310304367,0.623800249,"13,359",31.35%,OR,Josephine County,41033,,
2224,7080,20170,29240,0.242134063,0.689808482,"13,090",44.77%,OR,Klamath County,41035,,
2225,628,3001,3814,0.164656529,0.786837965,"2,373",62.22%,OR,Lake County,41037,,
2226,100497,66218,181072,0.555011266,0.365699832,"34,279",18.93%,OR,Lane County,41039,,
2227,12300,9901,24035,0.511753693,0.411940919,"2,399",9.98%,OR,Lincoln County,41041,,
2228,17456,32683,54724,0.318982531,0.597233389,"15,227",27.83%,OR,Linn County,41043,,
2229,2213,7141,9950,0.22241206,0.717688442,"4,928",49.53%,OR,Malheur County,41045,,
2230,48803,54336,110804,0.440444388,0.490379409,"5,533",4.99%,OR,Marion County,41047,,
2231,1004,2698,3989,0.251692153,0.67635999,"1,694",42.47%,OR,Morrow County,41049,,
2232,271754,63055,357762,0.759594367,0.176248456,"208,699",58.33%,OR,Multnomah County,41051,,
2233,15741,18333,37030,0.425087767,0.495085066,"2,592",7.00%,OR,Polk County,41053,,
2234,202,726,983,0.205493388,0.738555443,524,53.31%,OR,Sherman County,41055,,
2235,5701,6486,13261,0.429907247,0.489103386,785,5.92%,OR,Tillamook County,41057,,
2236,7466,16775,26116,0.285878389,0.642326543,"9,309",35.64%,OR,Umatilla County,41059,,
2237,3221,8378,12465,0.25840353,0.672121941,"5,157",41.37%,OR,Union County,41061,,
2238,1097,2825,4177,0.262628681,0.67632272,"1,728",41.37%,OR,Wallowa County,41063,,
2239,4634,5721,11251,0.4118745,0.508488134,"1,087",9.66%,OR,Wasco County,41065,,
2240,137818,75903,232034,0.593956058,0.327120163,"61,915",26.68%,OR,Washington County,41067,,
2241,153,583,792,0.193181818,0.736111111,430,54.29%,OR,Wheeler County,41069,,
2242,18635,22589,45116,0.413046369,0.500687118,"3,954",8.76%,OR,Yamhill County,41071,,
2243,14077,31249,47138,0.298633799,0.662925877,"17,172",36.43%,PA,Adams County,42001,,
2244,363017,257488,643173,0.564415795,0.400340188,"105,529",16.41%,PA,Allegheny County,42003,,
2245,6849,22676,30446,0.224955659,0.744794062,"15,827",51.98%,PA,Armstrong County,42005,,
2246,30225,46081,79036,0.382420669,0.583038109,"15,856",20.06%,PA,Beaver County,42007,,
2247,3613,19455,23504,0.153718516,0.82773145,"15,842",67.40%,PA,Bedford County,42009,,
2248,75169,93094,175934,0.427256812,0.52914161,"17,925",10.19%,PA,Berks County,42011,,
2249,13093,37224,52029,0.251648119,0.715447154,"24,131",46.38%,PA,Blair County,42013,,
2250,6263,17957,25399,0.246584511,0.706996338,"11,694",46.04%,PA,Bradford County,42015,,
2251,165861,163873,342572,0.484163913,0.478360753,"1,988",0.58%,PA,Bucks County,42017,,
2252,26834,61388,92027,0.291588338,0.6670651,"34,554",37.55%,PA,Butler County,42019,,
2253,17798,40510,60167,0.295809996,0.673292669,"22,712",37.75%,PA,Cambria County,42021,,
2254,469,1495,2024,0.231719368,0.738636364,"1,026",50.69%,PA,Cameron County,42023,,
2255,8917,18714,28721,0.310469691,0.651578984,"9,797",34.11%,PA,Carbon County,42025,,
2256,36555,35099,75394,0.484852906,0.465541024,"1,456",1.93%,PA,Centre County,42027,,
2257,140188,115582,266637,0.525763491,0.433480725,"24,606",9.23%,PA,Chester County,42029,,
2258,4256,12545,17481,0.243464333,0.717636291,"8,289",47.42%,PA,Clarion County,42031,,
2259,7700,23909,32692,0.235531629,0.731341001,"16,209",49.58%,PA,Clearfield County,42033,,
2260,4533,9701,14839,0.305478806,0.653750253,"5,168",34.83%,PA,Clinton County,42035,,
2261,8502,17387,27127,0.313414679,0.640948133,"8,885",32.75%,PA,Columbia County,42037,,
2262,10215,23912,35563,0.287236735,0.67238422,"13,697",38.51%,PA,Crawford County,42039,,
2263,44282,65649,115068,0.384833316,0.570523517,"21,367",18.57%,PA,Cumberland County,42041,,
2264,64287,60620,130160,0.493907498,0.465734481,"3,667",2.82%,PA,Dauphin County,42043,,
2265,169169,106559,284832,0.593925542,0.374111757,"62,610",21.98%,PA,Delaware County,42045,,
2266,3637,9704,13854,0.262523459,0.700447524,"6,067",43.79%,PA,Elk County,42047,,
2267,54820,57168,117240,0.467587854,0.487615148,"2,348",2.00%,PA,Erie County,42049,,
2268,17826,34388,53426,0.33365777,0.643656647,"16,562",31.00%,PA,Fayette County,42051,,
2269,626,1680,2398,0.261050876,0.70058382,"1,054",43.95%,PA,Forest County,42053,,
2270,17322,49554,69345,0.249794506,0.714600909,"32,232",46.48%,PA,Franklin County,42055,,
2271,904,5676,6743,0.134064956,0.841761827,"4,772",70.77%,PA,Fulton County,42057,,
2272,4157,10394,14955,0.277967235,0.695018388,"6,237",41.71%,PA,Greene County,42059,,
2273,4487,14369,19496,0.230149774,0.737022979,"9,882",50.69%,PA,Huntingdon County,42061,,
2274,11468,24920,37728,0.303965225,0.660517388,"13,452",35.66%,PA,Indiana County,42063,,
2275,3437,14533,18551,0.185273031,0.783407903,"11,096",59.81%,PA,Jefferson County,42065,,
2276,1810,8234,10402,0.174004999,0.791578543,"6,424",61.76%,PA,Juniata County,42067,,
2277,51593,48102,102740,0.502170528,0.468191551,"3,491",3.40%,PA,Lackawanna County,42069,,
2278,90066,137145,239151,0.376607248,0.573466136,"47,079",19.69%,PA,Lancaster County,42071,,
2279,13933,25323,40555,0.343558131,0.624411293,"11,390",28.09%,PA,Lawrence County,42073,,
2280,17860,38804,58906,0.303194921,0.65874444,"20,944",35.55%,PA,Lebanon County,42075,,
2281,77087,70285,153031,0.503734537,0.459286027,"6,802",4.44%,PA,Lehigh County,42077,,
2282,51454,77508,132731,0.387656237,0.583947985,"26,054",19.63%,PA,Luzerne County,42079,,
2283,12926,35475,50294,0.257008788,0.705352527,"22,549",44.83%,PA,Lycoming County,42081,,
2284,3802,11159,15572,0.244156178,0.71660673,"7,357",47.25%,PA,McKean County,42083,,
2285,17631,30034,49594,0.355506715,0.605597451,"12,403",25.01%,PA,Mercer County,42085,,
2286,3563,14050,18239,0.195350622,0.770327321,"10,487",57.50%,PA,Mifflin County,42087,,
2287,31930,31706,65944,0.484198714,0.480801893,224,0.34%,PA,Monroe County,42089,,
2288,251063,160803,427489,0.587296983,0.376157047,"90,260",21.11%,PA,Montgomery County,42091,,
2289,2851,5274,8535,0.334036321,0.617926186,"2,423",28.39%,PA,Montour County,42093,,
2290,65936,71384,142775,0.461817545,0.499975486,"5,448",3.82%,PA,Northampton County,42095,,
2291,9184,24418,34971,0.262617597,0.698235681,"15,234",43.56%,PA,Northumberland County,42097,,
2292,4630,15613,21153,0.218881483,0.738098615,"10,983",51.92%,PA,Perry County,42099,,
2293,560542,105418,680227,0.824051383,0.154974736,"455,124",66.91%,PA,Philadelphia County,42101,,
2294,9247,16035,26066,0.354753318,0.615169186,"6,788",26.04%,PA,Pike County,42103,,
2295,1300,6247,7777,0.167159573,0.803266041,"4,947",63.61%,PA,Potter County,42105,,
2296,16724,43937,62750,0.266517928,0.700191235,"27,213",43.37%,PA,Schuylkill County,42107,,
2297,3991,11710,16333,0.244351926,0.716953407,"7,719",47.26%,PA,Snyder County,42109,,
2298,7367,27347,35730,0.206185278,0.765379233,"19,980",55.92%,PA,Somerset County,42111,,
2299,756,2318,3168,0.238636364,0.731691919,"1,562",49.31%,PA,Sullivan County,42113,,
2300,5065,13295,19200,0.263802083,0.692447917,"8,230",42.86%,PA,Susquehanna County,42115,,
2301,3642,12928,17334,0.210107304,0.745817469,"9,286",53.57%,PA,Tioga County,42117,,
2302,6138,10605,17400,0.352758621,0.609482759,"4,467",25.67%,PA,Union County,42119,,
2303,5889,15254,22096,0.266518827,0.690351195,"9,365",42.38%,PA,Venango County,42121,,
2304,4828,12032,17624,0.273944621,0.682705402,"7,204",40.88%,PA,Warren County,42123,,
2305,34436,58941,96945,0.355211718,0.607983908,"24,505",25.28%,PA,Washington County,42125,,
2306,6398,15269,22365,0.286071987,0.682718533,"8,871",39.66%,PA,Wayne County,42127,,
2307,59506,116427,181740,0.327423792,0.640623968,"56,921",31.32%,PA,Westmoreland County,42129,,
2308,3573,8375,12418,0.287727492,0.674424223,"4,802",38.67%,PA,Wyoming County,42131,,
2309,67428,126933,203153,0.331907479,0.624814795,"59,505",29.29%,PA,York County,42133,,
2522,3358,13165,16887,0.198851187,0.77959377,"9,807",58.07%,TX,Anderson County,48001,,
2523,836,3925,4926,0.169711734,0.796792529,"3,089",62.71%,TX,Andrews County,48003,,
2524,7538,21666,29870,0.252360228,0.725343154,"14,128",47.30%,TX,Angelina County,48005,,
2525,2458,7730,10467,0.234833286,0.738511512,"5,272",50.37%,TX,Aransas County,48007,,
2526,394,3785,4269,0.092293277,0.886624502,"3,391",79.43%,TX,Archer County,48009,,
2527,70,924,1017,0.068829892,0.908554572,854,83.97%,TX,Armstrong County,48011,,
2528,4635,8598,13605,0.340683572,0.631973539,"3,963",29.13%,TX,Atascosa County,48013,,
2529,2319,9637,12255,0.189228886,0.786372909,"7,318",59.71%,TX,Austin County,48015,,
2530,397,1343,1784,0.222533632,0.752802691,946,53.03%,TX,Bailey County,48017,,
2531,1726,8159,10213,0.169000294,0.798883776,"6,433",62.99%,TX,Bandera County,48019,,
2532,10555,16314,28250,0.373628319,0.577486726,"5,759",20.39%,TX,Bastrop County,48021,,
2533,191,1267,1492,0.128016086,0.84919571,"1,076",72.12%,TX,Baylor County,48023,,
2534,3443,4743,8458,0.407070229,0.560770868,"1,300",15.37%,TX,Bee County,48025,,
2535,37608,51780,93999,0.400089363,0.550856924,"14,172",15.08%,TX,Bell County,48027,,
2536,319191,240161,586038,0.54465922,0.409804484,"79,030",13.49%,TX,Bexar County,48029,,
2537,1244,4212,5669,0.219439055,0.742988181,"2,968",52.35%,TX,Blanco County,48031,,
2538,31,330,365,0.084931507,0.904109589,299,81.92%,TX,Borden County,48033,,
2539,1277,6325,7797,0.163780941,0.81120944,"5,048",64.74%,TX,Bosque County,48035,,
2540,8831,24913,34470,0.256193792,0.722744415,"16,082",46.66%,TX,Bowie County,48037,,
2541,43075,72653,120296,0.358075081,0.603951919,"29,578",24.59%,TX,Brazoria County,48039,,
2542,23041,38662,66036,0.348915743,0.585468532,"15,621",23.66%,TX,Brazos County,48041,,
2543,1869,2073,4226,0.442262186,0.490534785,204,4.83%,TX,Brewster County,48043,,
2544,91,625,734,0.123978202,0.851498638,534,72.75%,TX,Briscoe County,48045,,
2545,1937,613,2596,0.74614792,0.236132512,"1,324",51.00%,TX,Brooks County,48047,,
2546,1621,12010,13949,0.116209047,0.86099362,"10,389",74.48%,TX,Brown County,48049,,
2547,1491,5316,6945,0.214686825,0.765442765,"3,825",55.08%,TX,Burleson County,48051,,
2548,3785,14595,19046,0.198729392,0.766302636,"10,810",56.76%,TX,Burnet County,48053,,
2549,4663,6516,11709,0.39824067,0.556495004,"1,853",15.83%,TX,Caldwell County,48055,,
2550,2118,4638,6957,0.30444157,0.666666667,"2,520",36.22%,TX,Calhoun County,48057,,
2551,568,4858,5556,0.102231821,0.87437005,"4,290",77.21%,TX,Callahan County,48059,,
2552,59319,29432,91804,0.646148316,0.320596052,"29,887",32.56%,TX,Cameron County,48061,,
2553,1260,3201,4542,0.277410832,0.704755614,"1,941",42.73%,TX,Camp County,48063,,
2554,249,2617,2945,0.084550085,0.888624788,"2,368",80.41%,TX,Carson County,48065,,
2555,2250,9182,11606,0.193865242,0.791142512,"6,932",59.73%,TX,Cass County,48067,,
2556,526,1413,1996,0.263527054,0.707915832,887,44.44%,TX,Castro County,48069,,
2557,2939,13278,16661,0.176399976,0.796950963,"10,339",62.06%,TX,Chambers County,48071,,
2558,3466,12896,16701,0.207532483,0.772169331,"9,430",56.46%,TX,Cherokee County,48073,,
2559,253,1802,2084,0.121401152,0.864683301,"1,549",74.33%,TX,Childress County,48075,,
2560,536,4376,5011,0.106964678,0.873278787,"3,840",76.63%,TX,Clay County,48077,,
2561,190,679,901,0.210876804,0.753607103,489,54.27%,TX,Cochran County,48079,,
2562,140,1265,1423,0.098383696,0.888966971,"1,125",79.06%,TX,Coke County,48081,,
2563,387,3177,3635,0.106464924,0.874002751,"2,790",76.75%,TX,Coleman County,48083,,
2564,139837,200395,356545,0.392200143,0.562046866,"60,558",16.98%,TX,Collin County,48085,,
2565,145,983,1154,0.125649913,0.851819757,838,72.62%,TX,Collingsworth County,48087,,
2566,1977,6323,8480,0.233136792,0.745636792,"4,346",51.25%,TX,Colorado County,48089,,
2567,14166,44996,61567,0.230090795,0.73084607,"30,830",50.08%,TX,Comal County,48091,,
2568,788,4300,5208,0.151305684,0.825652842,"3,512",67.43%,TX,Comanche County,48093,,
2569,148,885,1067,0.138706654,0.829428304,737,69.07%,TX,Concho County,48095,,
2570,2345,13174,15894,0.147539952,0.828866239,"10,829",68.13%,TX,Cooke County,48097,,
2571,5057,12212,18127,0.278976113,0.673691179,"7,155",39.47%,TX,Coryell County,48099,,
2572,84,486,583,0.144082333,0.833619211,402,68.95%,TX,Cottle County,48101,,
2573,299,1047,1381,0.216509776,0.758146271,748,54.16%,TX,Crane County,48103,,
2574,372,980,1395,0.266666667,0.702508961,608,43.58%,TX,Crockett County,48105,,
2575,468,1180,1712,0.273364486,0.689252336,712,41.59%,TX,Crosby County,48107,,
2576,454,280,762,0.595800525,0.367454068,174,22.83%,TX,Culberson County,48109,,
2577,222,1258,1535,0.144625407,0.819543974,"1,036",67.49%,TX,Dallam County,48111,,
2578,458845,261865,750649,0.611264386,0.348851461,"196,980",26.24%,TX,Dallas County,48113,,
2579,835,2636,3562,0.234418866,0.740033689,"1,801",50.56%,TX,Dawson County,48115,,
2580,1185,2911,4201,0.282075696,0.692930255,"1,726",41.09%,TX,Deaf Smith County,48117,,
2581,400,1836,2279,0.175515577,0.805616498,"1,436",63.01%,TX,Delta County,48119,,
2582,110000,169175,293287,0.375059242,0.576824067,"59,175",20.18%,TX,Denton County,48121,,
2583,1161,5510,6822,0.170184697,0.807681032,"4,349",63.75%,TX,DeWitt County,48123,,
2584,128,755,909,0.140814081,0.830583058,627,68.98%,TX,Dickens County,48125,,
2585,2173,974,3225,0.67379845,0.302015504,"1,199",37.18%,TX,Dimmit County,48127,,
2586,190,1225,1460,0.130136986,0.839041096,"1,035",70.89%,TX,Donley County,48129,,
2587,2783,1316,4159,0.669151238,0.316422217,"1,467",35.27%,TX,Duval County,48131,,
2588,776,6008,6935,0.111896179,0.866330209,"5,232",75.44%,TX,Eastland County,48133,,
2589,10225,24976,36373,0.281115113,0.686663184,"14,751",40.55%,TX,Ector County,48135,,
2590,302,741,1065,0.283568075,0.695774648,439,41.22%,TX,Edwards County,48137,,
2591,16197,44807,63064,0.256834327,0.710500444,"28,610",45.37%,TX,Ellis County,48139,,
2592,145509,54567,210458,0.691392107,0.259277386,"90,942",43.21%,TX,El Paso County,48141,,
2593,2159,11205,13810,0.156335988,0.811368573,"9,046",65.50%,TX,Erath County,48143,,
2594,1682,3438,5232,0.32148318,0.657110092,"1,756",33.56%,TX,Falls County,48145,,
2595,2123,9536,11972,0.177330438,0.796525226,"7,413",61.92%,TX,Fannin County,48147,,
2596,2127,8648,11029,0.1928552,0.784114607,"6,521",59.13%,TX,Fayette County,48149,,
2597,403,1265,1722,0.234030197,0.734610918,862,50.06%,TX,Fisher County,48151,,
2598,435,1473,1958,0.222165475,0.752298264,"1,038",53.01%,TX,Floyd County,48153,,
2599,113,383,511,0.221135029,0.749510763,270,52.84%,TX,Foard County,48155,,
2600,134475,117212,260367,0.516482504,0.450179938,"17,263",6.63%,TX,Fort Bend County,48157,,
2601,665,3583,4356,0.152662994,0.822543618,"2,918",66.99%,TX,Franklin County,48159,,
2602,1461,5995,7608,0.1920347,0.78798633,"4,534",59.60%,TX,Freestone County,48161,,
2603,1401,1232,2683,0.522176668,0.459187477,169,6.30%,TX,Frio County,48163,,
2604,597,3907,4609,0.129529182,0.847689304,"3,310",71.82%,TX,Gaines County,48165,,
2605,45503,73566,123994,0.366977434,0.593302902,"28,063",22.63%,TX,Galveston County,48167,,
2606,224,1223,1475,0.151864407,0.829152542,999,67.73%,TX,Garza County,48169,,
2607,2286,10445,13123,0.174197973,0.795930809,"8,159",62.17%,TX,Gillespie County,48171,,
2608,34,553,602,0.056478405,0.918604651,519,86.21%,TX,Glasscock County,48173,,
2609,973,2618,3713,0.262052249,0.705090224,"1,645",44.30%,TX,Goliad County,48175,,
2610,1567,4580,6304,0.248572335,0.726522843,"3,013",47.80%,TX,Gonzales County,48177,,
2611,699,6495,7360,0.094972826,0.882472826,"5,796",78.75%,TX,Gray County,48179,,
2612,10276,35274,47068,0.218322427,0.749426362,"24,998",53.11%,TX,Grayson County,48181,,
2613,11623,28693,41365,0.280986341,0.693654055,"17,070",41.27%,TX,Gregg County,48183,,
2614,2194,7065,9528,0.230268682,0.741498741,"4,871",51.12%,TX,Grimes County,48185,,
2615,18308,36495,57220,0.319958057,0.637801468,"18,187",31.78%,TX,Guadalupe County,48187,,
2616,2090,6347,8802,0.237446035,0.721086117,"4,257",48.36%,TX,Hale County,48189,,
2617,164,891,1089,0.150596878,0.818181818,727,66.76%,TX,Hall County,48191,,
2618,479,3056,3609,0.132723746,0.846771959,"2,577",71.40%,TX,Hamilton County,48193,,
2619,171,1730,1947,0.087827427,0.888546482,"1,559",80.07%,TX,Hansford County,48195,,
2620,249,1207,1511,0.164791529,0.798808736,958,63.40%,TX,Hardeman County,48197,,
2621,2779,19600,22768,0.122057273,0.860857344,"16,821",73.88%,TX,Hardin County,48199,,
2622,706471,544960,1302887,0.542235052,0.418271116,"161,511",12.40%,TX,Harris County,48201,,
2623,7130,18712,26364,0.270444546,0.709755728,"11,582",43.93%,TX,Harrison County,48203,,
2624,172,1727,1945,0.088431877,0.887917738,"1,555",79.95%,TX,Hartley County,48205,,
2625,314,1403,1765,0.177903683,0.79490085,"1,089",61.70%,TX,Haskell County,48207,,
2626,33117,33730,71524,0.463019406,0.471589956,613,0.86%,TX,Hays County,48209,,
2627,181,1460,1687,0.107291049,0.865441612,"1,279",75.82%,TX,Hemphill County,48211,,
2628,5649,23574,29855,0.189214537,0.78961648,"17,925",60.04%,TX,Henderson County,48213,,
2629,118739,48608,172990,0.686392277,0.28098734,"70,131",40.54%,TX,Hidalgo County,48215,,
2630,2535,10075,12906,0.19642027,0.780644661,"7,540",58.42%,TX,Hill County,48217,,
2631,1257,5793,7282,0.172617413,0.795523208,"4,536",62.29%,TX,Hockley County,48219,,
2632,4001,21367,26120,0.153177642,0.818032159,"17,366",66.49%,TX,Hood County,48221,,
2633,2508,10704,13476,0.186108638,0.79430098,"8,196",60.82%,TX,Hopkins County,48223,,
2634,1978,6205,8302,0.238255842,0.747410263,"4,227",50.92%,TX,Houston County,48225,,
2635,1768,6635,8692,0.20340543,0.763345605,"4,867",55.99%,TX,Howard County,48227,,
2636,324,503,871,0.371986223,0.57749713,179,20.55%,TX,Hudspeth County,48229,,
2637,6301,23866,31185,0.202052269,0.765303832,"17,565",56.33%,TX,Hunt County,48231,,
2638,854,7039,8126,0.105094758,0.866231848,"6,185",76.11%,TX,Hutchinson County,48233,,
2639,90,660,760,0.118421053,0.868421053,570,75.00%,TX,Irion County,48235,,
2640,314,2973,3339,0.094040132,0.890386343,"2,659",79.63%,TX,Jack County,48237,,
2641,904,4266,5275,0.171374408,0.808720379,"3,362",63.73%,TX,Jackson County,48239,,
2642,2582,10578,13351,0.193393753,0.792300202,"7,996",59.89%,TX,Jasper County,48241,,
2643,422,694,1175,0.359148936,0.590638298,272,23.15%,TX,Jeff Davis County,48243,,
2644,42404,42828,87363,0.485377105,0.490230418,424,0.49%,TX,Jefferson County,48245,,
2645,1635,430,2119,0.771590373,0.202925908,"1,205",56.87%,TX,Jim Hogg County,48247,,
2646,6688,5411,12346,0.541713915,0.438279605,"1,277",10.34%,TX,Jim Wells County,48249,,
2647,10976,44370,57270,0.191653571,0.774751179,"33,394",58.31%,TX,Johnson County,48251,,
2648,935,4815,5932,0.15761969,0.811699258,"3,880",65.41%,TX,Jones County,48253,,
2649,1144,2959,4185,0.273357228,0.707048984,"1,815",43.37%,TX,Karnes County,48255,,
2650,10265,29537,40979,0.250494156,0.720783816,"19,272",47.03%,TX,Kaufman County,48257,,
2651,3633,15663,19936,0.182233146,0.785664125,"12,030",60.34%,TX,Kendall County,48259,,
2652,99,84,186,0.532258065,0.451612903,15,8.06%,TX,Kenedy County,48261,,
2653,59,360,433,0.136258661,0.831408776,301,69.52%,TX,Kent County,48263,,
2654,4665,17658,23090,0.202035513,0.764746644,"12,993",56.27%,TX,Kerr County,48265,,
2655,206,1697,1945,0.105912596,0.872493573,"1,491",76.66%,TX,Kimble County,48267,,
2656,5,149,159,0.031446541,0.937106918,144,90.57%,TX,King County,48269,,
2657,457,936,1424,0.320926966,0.657303371,479,33.64%,TX,Kinney County,48271,,
2658,4713,4364,9483,0.496994622,0.460191922,349,3.68%,TX,Kleberg County,48273,,
2659,247,1078,1358,0.181885125,0.793814433,831,61.19%,TX,Knox County,48275,,
2660,3579,14546,18537,0.193073313,0.784700869,"10,967",59.16%,TX,Lamar County,48277,,
2661,770,3040,3905,0.197183099,0.778489117,"2,270",58.13%,TX,Lamb County,48279,,
2662,1479,6371,8149,0.181494662,0.781813719,"4,892",60.03%,TX,Lampasas County,48281,,
2663,1125,870,2049,0.549048316,0.424597365,255,12.45%,TX,La Salle County,48283,,
2664,1170,7339,8633,0.135526468,0.850110043,"6,169",71.46%,TX,Lavaca County,48285,,
2665,1372,4996,6522,0.210364919,0.766022692,"3,624",55.57%,TX,Lee County,48287,,
2666,909,6391,7407,0.12272175,0.862832456,"5,482",74.01%,TX,Leon County,48289,,
2667,4851,18856,24155,0.200827986,0.780625129,"14,005",57.98%,TX,Liberty County,48291,,
2668,1748,5747,7648,0.228556485,0.751438285,"3,999",52.29%,TX,Limestone County,48293,,
2669,135,1159,1322,0.102118003,0.876701967,"1,024",77.46%,TX,Lipscomb County,48295,,
2670,739,3450,4267,0.173189595,0.808530584,"2,711",63.53%,TX,Live Oak County,48297,,
2671,1825,8283,10377,0.175869712,0.798207574,"6,458",62.23%,TX,Llano County,48299,,
2672,4,57,64,0.0625,0.890625,53,82.81%,TX,Loving County,48301,,
2673,27956,65566,98060,0.285090761,0.66863145,"37,610",38.35%,TX,Lubbock County,48303,,
2674,403,1546,1997,0.201802704,0.774161242,"1,143",57.24%,TX,Lynn County,48305,,
2675,881,3349,4283,0.205696941,0.781928555,"2,468",57.62%,TX,Madison County,48313,,
2676,1156,2968,4206,0.274845459,0.705658583,"1,812",43.08%,TX,Marion County,48315,,
2677,266,1453,1755,0.151566952,0.827920228,"1,187",67.64%,TX,Martin County,48317,,
2678,353,1656,2053,0.171943497,0.806624452,"1,303",63.47%,TX,Mason County,48319,,
2679,3357,8147,11779,0.284998727,0.69165464,"4,790",40.67%,TX,Matagorda County,48321,,
2680,10397,2816,13588,0.765160436,0.207241684,"7,581",55.79%,TX,Maverick County,48323,,
2681,480,2546,3086,0.155541154,0.825016202,"2,066",66.95%,TX,McCulloch County,48307,,
2682,27046,48245,78255,0.345613699,0.616510127,"21,199",27.09%,TX,McLennan County,48309,,
2683,40,454,497,0.080482897,0.913480885,414,83.30%,TX,McMullen County,48311,,
2684,4624,12054,17187,0.269040554,0.701344039,"7,430",43.23%,TX,Medina County,48325,,
2685,153,681,860,0.177906977,0.791860465,528,61.40%,TX,Menard County,48327,,
2686,9993,36896,48753,0.204972002,0.756794454,"26,903",55.18%,TX,Midland County,48329,,
2687,2042,6340,8607,0.237248751,0.736609736,"4,298",49.94%,TX,Milam County,48331,,
2688,242,1949,2238,0.108132261,0.870866845,"1,707",76.27%,TX,Mills County,48333,,
2689,353,1780,2190,0.161187215,0.812785388,"1,427",65.16%,TX,Mitchell County,48335,,
2690,885,7526,8604,0.102859135,0.874709437,"6,641",77.19%,TX,Montague County,48337,,
2691,45744,150188,203083,0.225247805,0.739539991,"104,444",51.43%,TX,Montgomery County,48339,,
2692,1096,3974,5262,0.208285823,0.75522615,"2,878",54.69%,TX,Moore County,48341,,
2693,1425,3443,4964,0.287066882,0.693593876,"2,018",40.65%,TX,Morris County,48343,,
2694,40,571,620,0.064516129,0.920967742,531,85.65%,TX,Motley County,48345,,
2695,6822,14751,22430,0.304146233,0.65764601,"7,929",35.35%,TX,Nacogdoches County,48347,,
2696,3998,11984,16382,0.244048346,0.731534611,"7,986",48.75%,TX,Navarro County,48349,,
2697,978,2961,4010,0.243890274,0.73840399,"1,983",49.45%,TX,Newton County,48351,,
2698,1029,3551,4744,0.216905565,0.748524452,"2,522",53.16%,TX,Nolan County,48353,,
2699,49102,50704,103958,0.472325362,0.487735432,"1,602",1.54%,TX,Nueces County,48355,,
2700,274,2628,2981,0.091915465,0.881583361,"2,354",78.97%,TX,Ochiltree County,48357,,
2701,78,850,945,0.082539683,0.899470899,772,81.69%,TX,Oldham County,48359,,
2702,5716,25385,31761,0.179969145,0.799250653,"19,669",61.93%,TX,Orange County,48361,,
2703,1700,8222,10175,0.167076167,0.808058968,"6,522",64.10%,TX,Palo Pinto County,48363,,
2704,1835,8445,10413,0.17622203,0.811005474,"6,610",63.48%,TX,Panola County,48365,,
2705,8329,46433,56413,0.147643274,0.823090422,"38,104",67.54%,TX,Parker County,48367,,
2706,848,1911,2818,0.30092264,0.678140525,"1,063",37.72%,TX,Parmer County,48369,,
2707,1551,2463,4167,0.372210223,0.591072714,912,21.89%,TX,Pecos County,48371,,
2708,7123,26587,34444,0.206799443,0.771890605,"19,464",56.51%,TX,Polk County,48373,,
2709,7620,19499,28330,0.26897282,0.688280974,"11,879",41.93%,TX,Potter County,48375,,
2710,1458,652,2203,0.661824784,0.295960054,806,36.59%,TX,Presidio County,48377,,
2711,619,3919,4630,0.133693305,0.846436285,"3,300",71.27%,TX,Rains County,48379,,
2712,8340,43379,53813,0.154981138,0.806106331,"35,039",65.11%,TX,Randall County,48381,,
2713,167,709,900,0.185555556,0.787777778,542,60.22%,TX,Reagan County,48383,,
2714,262,1382,1678,0.15613826,0.823599523,"1,120",66.75%,TX,Real County,48385,,
2715,1148,3924,5147,0.223042549,0.762385856,"2,776",53.93%,TX,Red River County,48387,,
2716,1659,1417,3184,0.521042714,0.445037688,242,7.60%,TX,Reeves County,48389,,
2717,1034,1830,2945,0.351103565,0.62139219,796,27.03%,TX,Refugio County,48391,,
2718,20,524,550,0.036363636,0.952727273,504,91.64%,TX,Roberts County,48393,,
2719,2203,4665,7010,0.314265335,0.665477889,"2,462",35.12%,TX,Robertson County,48395,,
2720,9633,28396,39529,0.243694503,0.718358673,"18,763",47.47%,TX,Rockwall County,48397,,
2721,452,3241,3765,0.120053121,0.860823373,"2,789",74.08%,TX,Runnels County,48399,,
2722,3935,14675,18994,0.207170685,0.772612404,"10,740",56.54%,TX,Rusk County,48401,,
2723,614,3992,4642,0.132270573,0.859974149,"3,378",72.77%,TX,Sabine County,48403,,
2724,907,2620,3563,0.254560763,0.735335392,"1,713",48.08%,TX,San Augustine County,48405,,
2725,2034,8050,10305,0.197379913,0.781174187,"6,016",58.38%,TX,San Jacinto County,48407,,
2726,7825,13004,21513,0.363733556,0.604471715,"5,179",24.07%,TX,San Patricio County,48409,,
2727,293,2025,2354,0.124468989,0.860237893,"1,732",73.58%,TX,San Saba County,48411,,
2728,209,819,1054,0.19829222,0.777039848,610,57.87%,TX,Schleicher County,48413,,
2729,733,4403,5261,0.139327124,0.836913134,"3,670",69.76%,TX,Scurry County,48415,,
2730,103,1378,1502,0.068575233,0.917443409,"1,275",84.89%,TX,Shackelford County,48417,,
2731,1757,7171,9072,0.19367284,0.790454145,"5,414",59.68%,TX,Shelby County,48419,,
2732,96,807,933,0.102893891,0.864951768,711,76.21%,TX,Sherman County,48421,,
2733,22128,58631,83161,0.266086266,0.705030002,"36,503",43.89%,TX,Smith County,48423,,
2734,540,3206,3876,0.139318885,0.827141383,"2,666",68.78%,TX,Somervell County,48425,,
2735,9246,2218,11691,0.790864768,0.189718587,"7,028",60.11%,TX,Starr County,48427,,
2736,348,3033,3453,0.100781929,0.878366638,"2,685",77.76%,TX,Stephens County,48429,,
2737,70,549,633,0.110584518,0.867298578,479,75.67%,TX,Sterling County,48431,,
2738,135,555,701,0.192582026,0.791726106,420,59.91%,TX,Stonewall County,48433,,
2739,313,1075,1415,0.221201413,0.759717314,762,53.85%,TX,Sutton County,48435,,
2740,462,1671,2190,0.210958904,0.763013699,"1,209",55.21%,TX,Swisher County,48437,,
2741,288001,345683,662832,0.434500748,0.521524308,"57,682",8.70%,TX,Tarrant County,48439,,
2742,10047,33172,45266,0.221954668,0.732823753,"23,125",51.09%,TX,Taylor County,48441,,
2743,140,287,437,0.320366133,0.656750572,147,33.64%,TX,Terrell County,48443,,
2744,424,1295,1763,0.240499149,0.734543392,871,49.40%,TX,Terry County,48445,,
2745,84,715,808,0.103960396,0.88490099,631,78.09%,TX,Throckmorton County,48447,,
2746,2538,6405,9176,0.276591107,0.698016565,"3,867",42.14%,TX,Titus County,48449,,
2747,9117,27376,38104,0.239266219,0.718454755,"18,259",47.92%,TX,Tom Green County,48451,,
2748,306475,126750,462511,0.662632889,0.274047536,"179,725",38.86%,TX,Travis County,48453,,
2749,1154,4737,5982,0.19291207,0.791875627,"3,583",59.90%,TX,Trinity County,48455,,
2750,1243,6601,7969,0.15597942,0.828334797,"5,358",67.24%,TX,Tyler County,48457,,
2751,2378,13198,15918,0.149390627,0.829124262,"10,820",67.97%,TX,Upshur County,48459,,
2752,284,961,1296,0.219135802,0.741512346,677,52.24%,TX,Upton County,48461,,
2753,3863,4828,8936,0.432296329,0.540286482,965,10.80%,TX,Uvalde County,48463,,
2754,6920,5856,13476,0.513505491,0.434550312,"1,064",7.90%,TX,Val Verde County,48465,,
2755,2792,18436,21689,0.128728849,0.850016137,"15,644",72.13%,TX,Van Zandt County,48467,,
2756,8843,21253,31032,0.284963908,0.684873679,"12,410",39.99%,TX,Victoria County,48469,,
2757,6085,12878,19683,0.309150028,0.654270182,"6,793",34.51%,TX,Walker County,48471,,
2758,5744,10525,16715,0.343643434,0.629673946,"4,781",28.60%,TX,Waller County,48473,,
2759,780,2541,3413,0.228537943,0.744506299,"1,761",51.60%,TX,Ward County,48475,,
2760,3381,10944,14747,0.22926697,0.742117041,"7,563",51.29%,TX,Washington County,48477,,
2761,42297,12946,56867,0.743788137,0.227654,"29,351",51.61%,TX,Webb County,48479,,
2762,4238,10149,14707,0.2881621,0.690079554,"5,911",40.19%,TX,Wharton County,48481,,
2763,194,2087,2306,0.084128361,0.905030356,"1,893",82.09%,TX,Wheeler County,48483,,
2764,8752,27609,37913,0.230844301,0.728219872,"18,857",49.74%,TX,Wichita County,48485,,
2765,807,3166,4101,0.196781273,0.772006828,"2,359",57.52%,TX,Wilbarger County,48487,,
2766,3416,1541,5082,0.672176309,0.303227076,"1,875",36.89%,TX,Willacy County,48489,,
2767,84252,104029,200524,0.420159183,0.518785781,"19,777",9.86%,TX,Williamson County,48491,,
2768,4790,13991,19255,0.248766554,0.726616463,"9,201",47.78%,TX,Wilson County,48493,,
2769,420,1403,1873,0.224239188,0.74906567,983,52.48%,TX,Winkler County,48495,,
2770,3412,20655,24661,0.138356109,0.837557277,"17,243",69.92%,TX,Wise County,48497,,
2771,2624,15681,18646,0.140727234,0.840984662,"13,057",70.03%,TX,Wood County,48499,,
2772,426,1797,2299,0.185297956,0.781644193,"1,371",59.63%,TX,Yoakum County,48501,,
2773,873,6587,7658,0.113998433,0.860146252,"5,714",74.61%,TX,Young County,48503,,
2774,2056,1028,3134,0.656030632,0.328015316,"1,028",32.80%,TX,Zapata County,48505,,
2775,2633,692,3390,0.776696165,0.204129794,"1,941",57.26%,TX,Zavala County,48507,,
2952,1118,2740,4081,0.273952463,0.671404068,"1,622",39.75%,WA,Adams County,53001,,
2953,3118,5712,9684,0.321974391,0.58983891,"2,594",26.79%,WA,Asotin County,53003,,
2954,25173,45594,76907,0.327317409,0.592845905,"20,421",26.55%,WA,Benton County,53005,,
2955,10770,15070,27415,0.392850629,0.54969907,"4,300",15.68%,WA,Chelan County,53007,,
2956,15154,15685,32985,0.459420949,0.475519175,531,1.61%,WA,Clallam County,53009,,
2957,90697,90590,195784,0.463250317,0.462703796,107,0.05%,WA,Clark County,53011,,
2958,523,1491,2171,0.24090281,0.686780286,968,44.59%,WA,Columbia County,53013,,
2959,17842,24066,45485,0.392261185,0.529097505,"6,224",13.68%,WA,Cowlitz County,53015,,
2960,3600,7208,11467,0.313944362,0.628586378,"3,608",31.46%,WA,Douglas County,53017,,
2961,1091,2178,3560,0.306460674,0.611797753,"1,087",30.53%,WA,Ferry County,53019,,
2962,7839,11358,20584,0.380829771,0.551787796,"3,519",17.10%,WA,Franklin County,53021,,
2963,276,841,1232,0.224025974,0.68262987,565,45.86%,WA,Garfield County,53023,,
2964,7768,18482,28260,0.27487615,0.653998585,"10,714",37.91%,WA,Grant County,53025,,
2965,11378,13269,26736,0.425568522,0.496297127,"1,891",7.07%,WA,Grays Harbor County,53027,,
2966,20766,18259,42425,0.489475545,0.430383029,"2,507",5.91%,WA,Island County,53029,,
2967,12556,5986,20100,0.624676617,0.297810945,"6,570",32.69%,WA,Jefferson County,53031,,
2968,657149,197781,910823,0.721489247,0.217145373,"459,368",50.43%,WA,King County,53033,,
2969,60561,46762,118625,0.510524763,0.394200211,"13,799",11.63%,WA,Kitsap County,53035,,
2970,7190,9845,18334,0.392167558,0.536980473,"2,655",14.48%,WA,Kittitas County,53037,,
2971,3781,5390,9859,0.383507455,0.546708591,"1,609",16.32%,WA,Klickitat County,53039,,
2972,7236,16273,24995,0.2894979,0.65105021,"9,037",36.16%,WA,Lewis County,53041,,
2973,1238,4095,5692,0.217498243,0.71943078,"2,857",50.19%,WA,Lincoln County,53043,,
2974,11872,13539,27767,0.427557892,0.487593186,"1,667",6.00%,WA,Mason County,53045,,
2975,3980,6305,10893,0.365372257,0.578812081,"2,325",21.34%,WA,Okanogan County,53047,,
2976,4597,5338,10667,0.430955283,0.500421862,741,6.95%,WA,Pacific County,53049,,
2977,1932,4364,6788,0.284619918,0.642899234,"2,432",35.83%,WA,Pend Oreille County,53051,,
2978,160306,136046,322592,0.496931108,0.421727755,"24,260",7.52%,WA,Pierce County,53053,,
2979,7053,2651,10589,0.666068562,0.250354141,"4,402",41.57%,WA,San Juan County,53055,,
2980,26076,24330,54831,0.475570389,0.443727089,"1,746",3.18%,WA,Skagit County,53057,,
2981,2207,2910,5587,0.395024163,0.520851978,703,12.58%,WA,Skamania County,53059,,
2982,167943,116433,309496,0.54263383,0.376201954,"51,510",16.64%,WA,Snohomish County,53061,,
2983,86590,103846,208081,0.416136024,0.499065268,"17,256",8.29%,WA,Spokane County,53063,,
2984,4348,11059,16438,0.264509064,0.67277041,"6,711",40.83%,WA,Stevens County,53065,,
2985,65015,46219,122301,0.53159827,0.377911873,"18,796",15.37%,WA,Thurston County,53067,,
2986,824,1328,2333,0.353193313,0.569224175,504,21.60%,WA,Wahkiakum County,53069,,
2987,7550,10775,19718,0.382898874,0.546455016,"3,225",16.36%,WA,Walla Walla County,53071,,
2988,59402,40247,108223,0.548885172,0.371889524,"19,155",17.70%,WA,Whatcom County,53073,,
2989,5521,5462,12128,0.455227573,0.450362797,59,0.49%,WA,Whitman County,53075,,
2990,28484,39593,72306,0.393936879,0.547575582,"11,109",15.36%,WA,Yakima County,53077,,
2991,3780,5983,10107,0.373998219,0.591965964,"2,203",21.80%,WI,Adams County,55001,,
2992,4136,3428,7926,0.521826899,0.432500631,708,8.93%,WI,Ashland County,55003,,
2993,7881,13595,22514,0.350048858,0.603846496,"5,714",25.38%,WI,Barron County,55005,,
2994,4953,4125,9491,0.521862817,0.434622274,828,8.72%,WI,Bayfield County,55007,,
2995,53358,67192,127497,0.418503965,0.527008479,"13,834",10.85%,WI,Brown County,55009,,
2996,2531,4049,6921,0.365698598,0.585031065,"1,518",21.93%,WI,Buffalo County,55011,,
2997,2948,5412,8719,0.338112169,0.620713385,"2,464",28.26%,WI,Burnett County,55013,,
2998,9634,15345,26429,0.364523819,0.580612206,"5,711",21.61%,WI,Calumet County,55015,,
2999,11875,17912,31471,0.377331512,0.569158908,"6,037",19.18%,WI,Chippewa County,55017,,
3000,4225,8645,13548,0.311854148,0.638101565,"4,420",32.62%,WI,Clark County,55019,,
3001,13525,14160,29287,0.461808994,0.483490969,635,2.17%,WI,Columbia County,55021,,
3002,3426,3844,7678,0.446209951,0.500651211,418,5.44%,WI,Crawford County,55023,,
3003,217506,71270,304729,0.713768627,0.233879939,"146,236",47.99%,WI,Dane County,55025,,
3004,13968,26643,42818,0.326217946,0.622238311,"12,675",29.60%,WI,Dodge County,55027,,
3005,8026,8584,17398,0.461317393,0.493390045,558,3.21%,WI,Door County,55029,,
3006,11342,9657,22185,0.511246338,0.435294118,"1,685",7.60%,WI,Douglas County,55031,,
3007,9025,11487,22029,0.40968723,0.521448999,"2,462",11.18%,WI,Dunn County,55033,,
3008,27271,23301,54080,0.50427145,0.430861686,"3,970",7.34%,WI,Eau Claire County,55035,,
3009,666,1897,2651,0.251225952,0.715579027,"1,231",46.44%,WI,Florence County,55037,,
3010,17391,31044,51094,0.340372646,0.607586018,"13,653",26.72%,WI,Fond du Lac County,55039,,
3011,1583,2787,4507,0.351231418,0.618371422,"1,204",26.71%,WI,Forest County,55041,,
3012,10047,12347,24051,0.417737308,0.513367428,"2,300",9.56%,WI,Grant County,55043,,
3013,9121,8693,18791,0.485391943,0.462615082,428,2.28%,WI,Green County,55045,,
3014,2700,6210,9315,0.289855072,0.666666667,"3,510",37.68%,WI,Green Lake County,55047,,
3015,6669,4809,12123,0.550111359,0.396683989,"1,860",15.34%,WI,Iowa County,55049,,
3016,1273,2090,3477,0.366120219,0.601092896,817,23.50%,WI,Iron County,55051,,
3017,3821,4907,9202,0.415235818,0.533253641,"1,086",11.80%,WI,Jackson County,55053,,
3018,16559,23409,42324,0.391243739,0.553090445,"6,850",16.18%,WI,Jefferson County,55055,,
3019,4100,7188,11736,0.34935242,0.612474438,"3,088",26.31%,WI,Juneau County,55057,,
3020,35770,36025,75825,0.471744148,0.475107155,255,0.34%,WI,Kenosha County,55059,,
3021,3623,6616,10742,0.337274251,0.615900205,"2,993",27.86%,WI,Kewaunee County,55061,,
3022,32402,26384,62785,0.516078681,0.420227761,"6,018",9.59%,WI,La Crosse County,55063,,
3023,3288,3977,7602,0.432517758,0.523151802,689,9.06%,WI,Lafayette County,55065,,
3024,3260,6436,10093,0.322996136,0.637669672,"3,176",31.47%,WI,Langlade County,55067,,
3025,5370,8400,14563,0.368742704,0.57680423,"3,030",20.81%,WI,Lincoln County,55069,,
3026,14563,23234,39991,0.364156935,0.580980721,"8,671",21.68%,WI,Manitowoc County,55071,,
3027,26476,39010,68849,0.3845517,0.566602275,"12,534",18.21%,WI,Marathon County,55073,,
3028,6243,12995,19979,0.312478102,0.650432955,"6,752",33.80%,WI,Marinette County,55075,,
3029,2808,4712,7813,0.359400998,0.603097402,"1,904",24.37%,WI,Marquette County,55077,,
3030,1003,269,1279,0.784206411,0.210320563,734,57.39%,WI,Menominee County,55078,,
3031,288986,126091,434970,0.664381452,0.28988436,"162,895",37.45%,WI,Milwaukee County,55079,,
3032,7047,11442,19554,0.360386622,0.585148819,"4,395",22.48%,WI,Monroe County,55081,,
3033,5886,13255,19924,0.295422606,0.665278057,"7,369",36.99%,WI,Oconto County,55083,,
3034,8103,11677,20837,0.388875558,0.56039737,"3,574",17.15%,WI,Oneida County,55085,,
3035,38087,49884,93474,0.407460898,0.533667116,"11,797",12.62%,WI,Outagamie County,55087,,
3036,20167,30458,53368,0.377885624,0.570716534,"10,291",19.28%,WI,Ozaukee County,55089,,
3037,1345,2228,3746,0.359049653,0.594767752,883,23.57%,WI,Pepin County,55091,,
3038,8380,11260,21089,0.397363554,0.53392764,"2,880",13.66%,WI,Pierce County,55093,,
3039,7568,13864,22691,0.333524305,0.610991142,"6,296",27.75%,WI,Polk County,55095,,
3040,18524,17310,38123,0.4859009,0.454056606,"1,214",3.18%,WI,Portage County,55097,,
3041,2671,4562,7560,0.353306878,0.603439153,"1,891",25.01%,WI,Price County,55099,,
3042,42506,46620,93678,0.45374581,0.497662205,"4,114",4.39%,WI,Racine County,55101,,
3043,3577,4021,7962,0.44925898,0.505023863,444,5.58%,WI,Richland County,55103,,
3044,39336,31483,75043,0.52417947,0.419532801,"7,853",10.46%,WI,Rock County,55105,,
3045,2171,4564,7029,0.308863281,0.649310001,"2,393",34.04%,WI,Rusk County,55107,,
3046,14692,14791,31238,0.470324605,0.473493822,99,0.32%,WI,Sauk County,55111,,
3047,2846,4625,7767,0.366422042,0.595468006,"1,779",22.90%,WI,Sawyer County,55113,,
3048,6056,12742,19697,0.307457989,0.646900543,"6,686",33.94%,WI,Shawano County,55115,,
3049,22636,32368,58290,0.388334191,0.555292503,"9,732",16.70%,WI,Sheboygan County,55117,,
3050,17496,26123,46819,0.37369444,0.55795724,"8,627",18.43%,WI,St. Croix County,55109,,
3051,2398,6589,9417,0.254645853,0.699692046,"4,191",44.50%,WI,Taylor County,55119,,
3052,5645,7370,13581,0.415654223,0.542669906,"1,725",12.70%,WI,Trempealeau County,55121,,
3053,6351,6994,14193,0.447474107,0.49277813,643,4.53%,WI,Vernon County,55123,,
3054,4769,8169,13453,0.354493422,0.607225154,"3,400",25.27%,WI,Vilas County,55125,,
3055,18706,28848,50570,0.369903105,0.570456793,"10,142",20.06%,WI,Walworth County,55127,,
3056,3283,5404,9059,0.362402031,0.596533834,"2,121",23.41%,WI,Washburn County,55129,,
3057,20854,51729,76246,0.27350943,0.678448706,"30,875",40.49%,WI,Washington County,55131,,
3058,79200,142521,233273,0.339516361,0.610962263,"63,321",27.14%,WI,Waukesha County,55133,,
3059,8303,16013,25491,0.325722804,0.628182496,"7,710",30.25%,WI,Waupaca County,55135,,
3060,3802,7669,11961,0.317866399,0.641167126,"3,867",32.33%,WI,Waushara County,55137,,
3061,37054,43447,85892,0.431402226,0.505832906,"6,393",7.44%,WI,Winnebago County,55139,,
3062,14232,21502,37712,0.377386508,0.570163343,"7,270",19.28%,WI,Wood County,55141,,